{"cameraMode":{"drawMode":0,"name":"Shaded","section":"Shading Mode"},"sceneLighting":true,"audioPlay":false,"sceneViewState":{"showFog":true,"showMaterialUpdate":false,"showSkybox":true,"showFlares":true,"showImageEffects":true,"showParticleSystems":true},"in2DMode":false,"pivot":{"x":2.491544246673584,"y":-7.051458358764648,"z":-3.281857490539551},"rotation":{"x":0.6490049958229065,"y":0.17582350969314576,"z":-0.15779103338718415,"w":0.7231749296188355},"size":44.457183837890628,"orthographic":false}